Datetime,Water Level (m)
2026-02-19 18:00:00,0.64608157
2026-02-19 19:00:00,0.6738266
2026-02-19 20:00:00,0.47415563
2026-02-19 21:00:00,0.09180277
2026-02-19 22:00:00,-0.24626385
2026-02-19 23:00:00,-0.5077862
2026-02-20 00:00:00,-0.73456764
2026-02-20 01:00:00,-0.9351221
2026-02-20 02:00:00,-1.084852
2026-02-20 03:00:00,-0.96482074
2026-02-20 04:00:00,-0.30563834
2026-02-20 05:00:00,0.12731382
2026-02-20 06:00:00,0.43628323
2026-02-20 07:00:00,0.55317867
2026-02-20 08:00:00,0.44068936
2026-02-20 09:00:00,0.1234929
2026-02-20 10:00:00,-0.21581042
2026-02-20 11:00:00,-0.4730052
2026-02-20 12:00:00,-0.68406767
2026-02-20 13:00:00,-0.8735742
2026-02-20 14:00:00,-1.0078597
2026-02-20 15:00:00,-0.9012726
2026-02-20 16:00:00,-0.2981737
2026-02-20 17:00:00,0.13988711
2026-02-20 18:00:00,0.47428268
2026-02-20 19:00:00,0.6446796
2026-02-20 20:00:00,0.57294154
2026-02-20 21:00:00,0.27003363
2026-02-20 22:00:00,-0.11784545
2026-02-20 23:00:00,-0.4098506
2026-02-21 00:00:00,-0.6438702
2026-02-21 01:00:00,-0.85363275
2026-02-21 02:00:00,-1.0257218
2026-02-21 03:00:00,-1.0831611
2026-02-21 04:00:00,-0.5884088
2026-02-21 05:00:00,-0.12463553
2026-02-21 06:00:00,0.24645896
2026-02-21 07:00:00,0.4965583
2026-02-21 08:00:00,0.5442127
2026-02-21 09:00:00,0.37682393
2026-02-21 10:00:00,0.039616082
2026-02-21 11:00:00,-0.26664627
2026-02-21 12:00:00,-0.4996317
2026-02-21 13:00:00,-0.7034075
2026-02-21 14:00:00,-0.8812846
2026-02-21 15:00:00,-0.9556204
2026-02-21 16:00:00,-0.54474956
2026-02-21 17:00:00,-0.075359814
2026-02-21 18:00:00,0.2708471
2026-02-21 19:00:00,0.5090437
2026-02-21 20:00:00,0.56058186
2026-02-21 21:00:00,0.39133713
2026-02-21 22:00:00,0.039501086
2026-02-21 23:00:00,-0.2910222
2026-02-22 00:00:00,-0.5390345
2026-02-22 01:00:00,-0.7494455
2026-02-22 02:00:00,-0.93418884
2026-02-22 03:00:00,-1.064647
2026-02-22 04:00:00,-0.9538877
2026-02-22 05:00:00,-0.37667957
2026-02-22 06:00:00,0.008921434
2026-02-22 07:00:00,0.32030496
2026-02-22 08:00:00,0.49574816
2026-02-22 09:00:00,0.47796783
2026-02-22 10:00:00,0.27167824
2026-02-22 11:00:00,-0.05590277
2026-02-22 12:00:00,-0.3155085
2026-02-22 13:00:00,-0.52358556
2026-02-22 14:00:00,-0.70944566
2026-02-22 15:00:00,-0.8495824
2026-02-22 16:00:00,-0.8041726
2026-02-22 17:00:00,-0.29801357
2026-02-22 18:00:00,0.044237383
2026-02-22 19:00:00,0.28911793
2026-02-22 20:00:00,0.43287003
2026-02-22 21:00:00,0.39565176
2026-02-22 22:00:00,0.17092294
2026-02-22 23:00:00,-0.17247331
2026-02-23 00:00:00,-0.4446668
2026-02-23 01:00:00,-0.65774673
2026-02-23 02:00:00,-0.83429295
2026-02-23 03:00:00,-0.98253834
2026-02-23 04:00:00,-1.0445961
2026-02-23 05:00:00,-0.7166895
2026-02-23 06:00:00,-0.28429973
2026-02-23 07:00:00,0.038522657
2026-02-23 08:00:00,0.27619472
2026-02-23 09:00:00,0.38922402
2026-02-23 10:00:00,0.3447917
2026-02-23 11:00:00,0.14171378
2026-02-23 12:00:00,-0.1466626
2026-02-23 13:00:00,-0.36268035
2026-02-23 14:00:00,-0.5385277
2026-02-23 15:00:00,-0.68852067
2026-02-23 16:00:00,-0.7742703
2026-02-23 17:00:00,-0.6198164
2026-02-23 18:00:00,-0.21938117
2026-02-23 19:00:00,0.02107056
2026-02-23 20:00:00,0.16843446
2026-02-23 21:00:00,0.22334665
2026-02-23 22:00:00,0.13511239
2026-02-23 23:00:00,-0.09402258
2026-02-24 00:00:00,-0.38034573
2026-02-24 01:00:00,-0.58702904
2026-02-24 02:00:00,-0.7438996
2026-02-24 03:00:00,-0.8846703
2026-02-24 04:00:00,-0.98819804
2026-02-24 05:00:00,-0.9580478
2026-02-24 06:00:00,-0.55890334
2026-02-24 07:00:00,-0.24713449
2026-02-24 08:00:00,-0.004846186
2026-02-24 09:00:00,0.179464
2026-02-24 10:00:00,0.2742321
2026-02-24 11:00:00,0.2509848
2026-02-24 12:00:00,0.09104385
2026-02-24 13:00:00,-0.13569814
2026-02-24 14:00:00,-0.3216343
2026-02-24 15:00:00,-0.48082417
2026-02-24 16:00:00,-0.6224982
2026-02-24 17:00:00,-0.6865118
2026-02-24 18:00:00,-0.53850657
2026-02-24 19:00:00,-0.24142084
2026-02-24 20:00:00,-0.054557573
2026-02-24 21:00:00,0.05980482
2026-02-24 22:00:00,0.096854724
2026-02-24 23:00:00,0.019984549
2026-02-25 00:00:00,-0.16497779
2026-02-25 01:00:00,-0.39253828
2026-02-25 02:00:00,-0.5792124
2026-02-25 03:00:00,-0.72696775
2026-02-25 04:00:00,-0.8362581
2026-02-25 05:00:00,-0.8952106
2026-02-25 06:00:00,-0.8327954
2026-02-25 07:00:00,-0.5295305
2026-02-25 08:00:00,-0.28699678
2026-02-25 09:00:00,-0.08507216
2026-02-25 10:00:00,0.07314204
2026-02-25 11:00:00,0.17241482
2026-02-25 12:00:00,0.19402628
2026-02-25 13:00:00,0.11243662
2026-02-25 14:00:00,-0.05322115
2026-02-25 15:00:00,-0.24627848
2026-02-25 16:00:00,-0.4031882
2026-02-25 17:00:00,-0.5167287
2026-02-25 18:00:00,-0.59447366
